{
    "Accels": [
        1.0292405779766545,
        1.0464874525300134,
        1.0026222545881804
    ],
    "AccelBias": [
        0.2222522174178264,
        -0.27860409288612165,
        -0.20810820211861003
    ],
    "GyroBias": [
        0.0788813719612727,
        0.0152734619061379,
        0.009554236196734052
    ],
    "Mags": [
        1.0,
        1.0,
        1.0
    ],
    "MagBias": [
        -6.468003265092599,
        83.61247349425709,
        -32.724308756667895
    ],
    "Magtransform": [
        [
            0.9234150412786807,
            -0.21749851405955387,
            -0.09833591905932686
        ],
        [
            -0.21749851405955387,
            1.1712689120273116,
            0.07259102393975894
        ],
        [
            -0.09833591905932686,
            0.07259102393975886,
            0.9795265964816426
        ]
    ]
}